{"cameraMode":{"drawMode":0,"name":"Shaded","section":"Shading Mode"},"sceneLighting":true,"audioPlay":false,"sceneViewState":{"showFog":true,"showMaterialUpdate":false,"showSkybox":true,"showFlares":true,"showImageEffects":true,"showParticleSystems":true},"in2DMode":false,"pivot":{"x":-0.5358024835586548,"y":5.335013389587402,"z":24.650691986083986},"rotation":{"x":-0.005050997715443373,"y":0.7391901612281799,"z":-0.005544034764170647,"w":-0.673454999923706},"size":41.434017181396487,"orthographic":true}